Passport,PAN,Name
Q2052604,BAJPC4350M,Alli
E1866172,DAJPC4150P,Cleon
Y1615321,XGZFE7225A,Lawrence
X2873791,CTUGE1616I,Halley
Z2205650,PEVFV4506Y,Marilin
S2371769,UWPCL6780T,Sigismundo
C2557239,LQDTD5444T,Leone
Y2592903,YUGFJ2046V,Hildegaard
O2368295,DDWCH0856B,Cyrillus
O3183833,NLXBC1905E,Adair
L1960061,GFQJR7008X,Fidel
R1426975,BAJPC4350M,Lennard
T1529001,DAJPC4150P,Joelynn
P2086555,XGZFE7225A,Dani
T2147125,CTUGE1616I,Georgine
O2365992,PEVFV4506Y,Daloris
A3190120,UWPCL6780T,Sascha
I2982454,LQDTD5444T,Odelle
B1677829,YUGFJ2046V,Bearnard
N2656373,DDWCH0856B,Hermy
T2611229,NLXBC1905E,Aguistin
R1858988,GFQJR7008X,Toddy
Q2136234,XGZFE7225A,Morris
B2451021,CTUGE1616I,Niels
L2327465,PEVFV4506Y,Jordana
U6285942,PEVFV4506Y,Sujeet
